bsc,0x190cd736f5825ff0ae0141b5c9cb7fcd042cef2a,Fraud
bsc,0x2525c811ecf22fc5fcde03c67112d34e97da6079,Fraud
bsc,0xeade071ff23bcef312dec938ece29f7da62cf45b,Fraud
bsc,0x4b92cc3452ef1e37528470495b86d3f976470734,Fraud
bsc,0x00fac92881556a90fdb19eae9f23640b95b4bcbd,Fraud
bsc,0x551f3110f12c763d1611d5a63b5f015d1c1a954c,Fraud
bsc,0x3dabf5e36df28f6064a7c5638d0c4e01539e35f1,Fraud
bsc,0x94b6f400df694d0de29f600b15baeed83e95658c,Fraud
bsc,0xc0e82c1ed4786f8b7f806d1b8a6335ec485266ff,Fraud
bsc,0xda5919bf3a49ad47b7c7103a9ed3902cee78d528,Fraud
bsc,0x0629b1048298ae9deff0f4100a31967fb3f98962,Fraud
bsc,0x69d91e56ca80f2a4d7b808b59053ea5c5505ffe2,Fraud
bsc,0x4015d786e33c1842c3e4d27792098e4a3612fc0e,Fraud
bsc,0xd5381c683191eb0999a51567274abab73a9df0ad,Fraud
bsc,0x35b625c25792913c5d67eed22ba05d1a74e3759e,Fraud
bsc,0x7ff2aa9cb7ad90315f86782bca736a15aebe2c2d,Fraud
bsc,0xa12a5e80f19332759bd7bfa3f5505ca2c7d1dee7,Fraud
bsc,0x1f442b4ac52802efacace4d15b09b716f9eabc80,Fraud
bsc,0xe7adae6f26680dce26c9852e46675ed579baf56d,Fraud
bsc,0xde709ba59ccea6b0f2403475c03931a7512ea0b9,Fraud
bsc,0x947308f94775f8375bf4c967eb7a36fdc66e9c00,Fraud
bsc,0x514df5293aa7ca53c05d79c37b836596c4abf687,Fraud
bsc,0x9d4cefb823658d08b4945e3b7fda5c70e86d44d2,Fraud
bsc,0xfe8dd07d11126b717290633e865c2ef57cfa34a0,Fraud
bsc,0x48f1d0f5831eb6e544f8cbde777b527b87a1be98,Fraud
bsc,0x35f4306738a6a68eb2b2b688e1643b3fa6a5a538,Fraud
bsc,0xece5422a782d3482f9e03363fa1d8e3187b90d20,Fraud
bsc,0x6d9f6e900ac2ce6770fd9f04f98b7b0fc355e2ea,Fraud
bsc,0x886f786618623fffb2be59830a47661ae6492e16,Fraud
bsc,0x7a505df95aac78f142ca98cecd771d3c398b4b71,Fraud
bsc,0x0f4daa365a72c5b134d6e263f21b64de87f2392a,Fraud
bsc,0x47e5d14a96240aebd055f9f21803e68037777777,Fraud
bsc,0xcafc58de1e6a071790efbb6b83b35397023e1544,Fraud
bsc,0x6255a22282b4b8a8e4492e57cf19f1764fe8362c,Fraud
bsc,0xffc19f6e9151dbcfca6e7fa42c7739f367d79d0e,Fraud
bsc,0x8922314cd8f8cf523afa1ff961305586205c7cdf,Fraud
bsc,0x4592663d818f2b6f0e205c5ce9b5378feec8e398,Fraud
bsc,0x68d598f71d97d333e6ea50e1abd9d5be68a5a9f4,Fraud
bsc,0xa0acc61547f6bd066f7c9663c17a312b6ad7e187,Fraud
bsc,0x158c244b62058330f2c328c720b072d8db2c612f,Fraud
bsc,0x472a2c88c1a5f794eb80706e587d4a120d9be255,Fraud
bsc,0x430ad7e178d3e00145f35c041c7f486d7e8a4c7e,Fraud
bsc,0xfc6682db7e9f57882e8b18ebc9adc7a19f770494,Fraud
bsc,0x8036ebd0fc9c120ba0469ffcb27b204aa06aaf1f,Fraud
bsc,0x0acc0e5faa09cb1976237c3a9af3d3d4b2f35fa5,Fraud
bsc,0x967bb571f0fc9ee79c892abf9f99233aa1737e31,Fraud
bsc,0x6551fb9be444987f7482012cbf7ea95a1ee8dd0e,Fraud
bsc,0xafad9352eb6bcd085dd68268d353d0ed2571af89,Fraud
bsc,0xd733c0c4a23118bc60f16a7973376ce81700d995,Fraud
bsc,0x72d301d8a4944477c2178e23a034376aca4b2c99,Fraud
bsc,0x8d3d13cac607b7297ff61a5e1e71072758af4d01,Fraud
bsc,0x29408a24a6d5282bee89a4a1ee5ed5b06474779f,Fraud
bsc,0x7317e137faf1d1e5e4bc85d2ca543c2ea6a3c75b,Fraud
bsc,0x00070c222abeaa4f2f8dda30a3e53a269902a0e6,Fraud
bsc,0x1949aa0680717fc185afc807159ebc1d3234be44,Fraud
bsc,0x406e2bc2f9e150bf34806ae5f77e0f7b5ce10822,Fraud
bsc,0xc044118b0e0c26c7dadd87503ffaad3e78cb6195,Fraud
bsc,0xebe4e7e0d4fb29d180d98f300968c656a034c08a,Fraud
bsc,0x57c112cf4f1e4e381158735b12aaf8384b60e1ce,Fraud
bsc,0xac02d45f11bbeac17ee2ef90cdd66e6a84317a78,Fraud
bsc,0x837962b686fd5a407fb4e5f92e8be86a230484bd,Fraud
bsc,0x638b4779d1923cedf726ed4d717ee4169df53d4e,Fraud
bsc,0x1ae2dc57399b2f4597366c5bf4fe39859c006f99,Fraud
bsc,0x1285fe345523f00ab1a66acd18d9e23d18d2e35c,Fraud
bsc,0x911215cf312a64c128817af3c24b9fdf66b7ac95,Fraud
bsc,0x172dca3e72e4643ce8b7932f4947347c1e49ba6d,Fraud
bsc,0x2dea406bb3bea68d6be8d9ef0071fdf63082fb52,Fraud
bsc,0xd5c6f3b71bcceb2ef8332bd8225f5f39e56a122c,Fraud
bsc,0x18dd258631b23777c101440380bf053c79db3d9d,Fraud
bsc,0x421fa2f1fe768d9f7c95be7949bee96d3e3d6fe2,Fraud
bsc,0x8ad850c6a9414243697ff15a2b56ae034ce2849f,Fraud
bsc,0x526408b09395e1b4b11c7e72f1eed6e300116ffd,Fraud
bsc,0x983f2c0b032e6075a6326031dedbc9fb9b3c1eac,Fraud
bsc,0x0fa09c3a328792253f8dee7116848723b72a6d2e,Fraud
bsc,0x319bb061c47f21113b9fabd5a73c77ac88fbe0ab,Fraud
bsc,0x5cc162c556092fe1d993b95d1b9e9ce58a11dbc9,Fraud
bsc,0x1ecf1999f8ad6dc381c45d268913969279743104,Fraud
bsc,0x5706a19c5abbe7f02fe772fc1f1996d42adff884,Fraud
bsc,0x4ccd02690d32e2512fc99dfd837972597e522c2b,Fraud
bsc,0xaabc1249c8e8301b5548c90d6c131f422f30ab9b,Fraud
bsc,0xe4ecb6c45bc8fda0472f57a981ba9682fee191cb,Fraud
bsc,0x9f6eb49dab1bf13ac6f0908c81b92ac525ab1b9d,Fraud
bsc,0x5afdd2028312fe2dc859ebdf51d3365ab73e8475,Fraud
bsc,0xed1afc8c4604958c2f38a3408fa63b32e737c428,Fraud
bsc,0xb15d92a0bb4f58965f9aa7f9d9b9d61ab403e459,Fraud
bsc,0x52c52cee08090fe635872c2b67badbe041fa58e2,Fraud
bsc,0xb7a740d67c78bbb81741ea588db99fbb1c22dfb7,Fraud
bsc,0x91abb931cc9b30f06e0e054bdf6526f2be7e7d4a,Fraud
bsc,0xd83b40d16ac61810a1297a42304f3987d8d7315e,Fraud
bsc,0x2227178de61efebb63754494d651fff73634a7cb,Fraud
bsc,0x0d6e286a7cfd25e0c01fee9756765d8033b32c71,Fraud
bsc,0x2bf5693dd3a5cea1139c4510fdce120cf042c934,Fraud
bsc,0x48c94305bddfd80c6f4076963866d968cac27d79,Fraud
bsc,0xcba47af0547d12fb6b59c105835fab6b2fbc22ed,Fraud
bsc,0x748346113b6d61870aa0961c6d3fb38742fc5089,Fraud
bsc,0xd01ae1a708614948b2b5e0b7ab5be6afa01325c7,Fraud
bsc,0x7f0d082d08874a57110c73a8853967e7c19d1a6e,Fraud
bsc,0x9d3b564983fd44e727cdad3c47cfc3d81ed5bb4b,Fraud
bsc,0x190cd736f5825ff0ae0141b5c9cb7fcd042cef2a,Fraud
bsc,0x2525c811ecf22fc5fcde03c67112d34e97da6079,Fraud
bsc,0xeade071ff23bcef312dec938ece29f7da62cf45b,Fraud
bsc,0x4b92cc3452ef1e37528470495b86d3f976470734,Fraud
bsc,0x00fac92881556a90fdb19eae9f23640b95b4bcbd,Fraud
bsc,0x551f3110f12c763d1611d5a63b5f015d1c1a954c,Fraud
bsc,0x3dabf5e36df28f6064a7c5638d0c4e01539e35f1,Fraud
bsc,0x94b6f400df694d0de29f600b15baeed83e95658c,Fraud
bsc,0xc0e82c1ed4786f8b7f806d1b8a6335ec485266ff,Fraud
bsc,0xda5919bf3a49ad47b7c7103a9ed3902cee78d528,Fraud
bsc,0x0629b1048298ae9deff0f4100a31967fb3f98962,Fraud
bsc,0x69d91e56ca80f2a4d7b808b59053ea5c5505ffe2,Fraud
bsc,0x4015d786e33c1842c3e4d27792098e4a3612fc0e,Fraud
bsc,0xd5381c683191eb0999a51567274abab73a9df0ad,Fraud
bsc,0x35b625c25792913c5d67eed22ba05d1a74e3759e,Fraud
bsc,0x7ff2aa9cb7ad90315f86782bca736a15aebe2c2d,Fraud
bsc,0xa12a5e80f19332759bd7bfa3f5505ca2c7d1dee7,Fraud
bsc,0x1f442b4ac52802efacace4d15b09b716f9eabc80,Fraud
bsc,0xe7adae6f26680dce26c9852e46675ed579baf56d,Fraud
bsc,0xde709ba59ccea6b0f2403475c03931a7512ea0b9,Fraud
bsc,0x947308f94775f8375bf4c967eb7a36fdc66e9c00,Fraud
bsc,0x514df5293aa7ca53c05d79c37b836596c4abf687,Fraud
bsc,0x9d4cefb823658d08b4945e3b7fda5c70e86d44d2,Fraud
bsc,0xfe8dd07d11126b717290633e865c2ef57cfa34a0,Fraud
bsc,0x48f1d0f5831eb6e544f8cbde777b527b87a1be98,Fraud
bsc,0x35f4306738a6a68eb2b2b688e1643b3fa6a5a538,Fraud
bsc,0xece5422a782d3482f9e03363fa1d8e3187b90d20,Fraud
bsc,0x6d9f6e900ac2ce6770fd9f04f98b7b0fc355e2ea,Fraud
bsc,0x886f786618623fffb2be59830a47661ae6492e16,Fraud
bsc,0x7a505df95aac78f142ca98cecd771d3c398b4b71,Fraud
bsc,0x0f4daa365a72c5b134d6e263f21b64de87f2392a,Fraud
bsc,0x47e5d14a96240aebd055f9f21803e68037777777,Fraud
bsc,0xcafc58de1e6a071790efbb6b83b35397023e1544,Fraud
bsc,0x6255a22282b4b8a8e4492e57cf19f1764fe8362c,Fraud
bsc,0xffc19f6e9151dbcfca6e7fa42c7739f367d79d0e,Fraud
bsc,0x8922314cd8f8cf523afa1ff961305586205c7cdf,Fraud
bsc,0x4592663d818f2b6f0e205c5ce9b5378feec8e398,Fraud
bsc,0x68d598f71d97d333e6ea50e1abd9d5be68a5a9f4,Fraud
bsc,0xa0acc61547f6bd066f7c9663c17a312b6ad7e187,Fraud
bsc,0x158c244b62058330f2c328c720b072d8db2c612f,Fraud
bsc,0x472a2c88c1a5f794eb80706e587d4a120d9be255,Fraud
bsc,0x430ad7e178d3e00145f35c041c7f486d7e8a4c7e,Fraud
bsc,0xfc6682db7e9f57882e8b18ebc9adc7a19f770494,Fraud
bsc,0x8036ebd0fc9c120ba0469ffcb27b204aa06aaf1f,Fraud
bsc,0x0acc0e5faa09cb1976237c3a9af3d3d4b2f35fa5,Fraud
bsc,0x967bb571f0fc9ee79c892abf9f99233aa1737e31,Fraud
bsc,0x6551fb9be444987f7482012cbf7ea95a1ee8dd0e,Fraud
bsc,0xafad9352eb6bcd085dd68268d353d0ed2571af89,Fraud
bsc,0xd733c0c4a23118bc60f16a7973376ce81700d995,Fraud
bsc,0x72d301d8a4944477c2178e23a034376aca4b2c99,Fraud
bsc,0x8d3d13cac607b7297ff61a5e1e71072758af4d01,Fraud
bsc,0x29408a24a6d5282bee89a4a1ee5ed5b06474779f,Fraud
bsc,0x7317e137faf1d1e5e4bc85d2ca543c2ea6a3c75b,Fraud
bsc,0x00070c222abeaa4f2f8dda30a3e53a269902a0e6,Fraud
bsc,0x1949aa0680717fc185afc807159ebc1d3234be44,Fraud
bsc,0x406e2bc2f9e150bf34806ae5f77e0f7b5ce10822,Fraud
bsc,0xc044118b0e0c26c7dadd87503ffaad3e78cb6195,Fraud
bsc,0xebe4e7e0d4fb29d180d98f300968c656a034c08a,Fraud
bsc,0x57c112cf4f1e4e381158735b12aaf8384b60e1ce,Fraud
bsc,0xac02d45f11bbeac17ee2ef90cdd66e6a84317a78,Fraud
bsc,0x837962b686fd5a407fb4e5f92e8be86a230484bd,Fraud
bsc,0x638b4779d1923cedf726ed4d717ee4169df53d4e,Fraud
bsc,0x1ae2dc57399b2f4597366c5bf4fe39859c006f99,Fraud
bsc,0x1285fe345523f00ab1a66acd18d9e23d18d2e35c,Fraud
bsc,0x911215cf312a64c128817af3c24b9fdf66b7ac95,Fraud
bsc,0x172dca3e72e4643ce8b7932f4947347c1e49ba6d,Fraud
bsc,0x2dea406bb3bea68d6be8d9ef0071fdf63082fb52,Fraud
bsc,0xd5c6f3b71bcceb2ef8332bd8225f5f39e56a122c,Fraud
bsc,0x18dd258631b23777c101440380bf053c79db3d9d,Fraud
bsc,0x421fa2f1fe768d9f7c95be7949bee96d3e3d6fe2,Fraud
bsc,0x8ad850c6a9414243697ff15a2b56ae034ce2849f,Fraud
bsc,0x526408b09395e1b4b11c7e72f1eed6e300116ffd,Fraud
bsc,0x1462680f21eb29df32d1eb14b02ff94b3a018142,Fraud
bsc,0x1f639bea22de3e9760cca0db5925b8b5da4e2d70,Fraud
bsc,0x057a3b930702c30e73c309b38a39fd54b468fd83,Fraud
bsc,0x0083a444502df7e3bb6516c0cfd92a60b6bfecd8,Fraud
bsc,0x00768bc9f9a2347579ad331e80e9b80c76f4c891,Fraud
bsc,0x17fa60e290166c3ad9ac426aa0502ba5ebc6f830,Fraud
bsc,0x1840de53f22b6e23affb9b4a52261bd7daaf88d4,Fraud
bsc,0x281b22df27120cea176a9cb311169daa690af801,Fraud
bsc,0x59a82e36c401f4f6f29fe83833d778af38a398a1,Fraud
bsc,0x87230146e138d3f296a9a77e497a2a83012e9bc5,Fraud
bsc,0xf3a465c9fa6663ff50794c698f600faa4b05c777,Fraud
bsc,0x4714a26e4e2e1334c80575332ec9eb043b61a2c4,Fraud
bsc,0x2c6900b24221de2b4a45c8c89482fff96ffb7e55,Fraud
bsc,0x25fb126b6c6b5c8ef732b86822fa0f0024e16c61,Fraud
bsc,0xa0acc61547f6bd066f7c9663c17a312b6ad7e187,Fraud
bsc,0x158c244b62058330f2c328c720b072d8db2c612f,Fraud
bsc,0x74487eed1e67f4787e8c0570e8d5d168a05254d4,Fraud
bsc,0x0acc0e5faa09cb1976237c3a9af3d3d4b2f35fa5,Fraud
bsc,0x967bb571f0fc9ee79c892abf9f99233aa1737e31,Fraud
bsc,0x6551fb9be444987f7482012cbf7ea95a1ee8dd0e,Fraud
bsc,0xafad9352eb6bcd085dd68268d353d0ed2571af89,Fraud
bsc,0x750d4c24e414ce51483df6fc143c1dfb3b2e769d,Fraud
bsc,0x68926c8595b211bd8effd9ffee7355426cdd4ce8,Fraud
bsc,0xbff2d5d4e5a4a7b1859ac5edb010fdafe4ea92a8,Fraud
bsc,0x7e09ead1161d710a0f205d8d3564873f5f78c0b0,Fraud
bsc,0xbaedee3beecb43ae66dcfda03600191f6f08ed0b,Fraud
bsc,0x03ccb56ffc86ef711545f44303ceeb44f7dfd1ed,Fraud
bsc,0xb4e502bee63fb4394e682ef53150d4733dc62aa8,Fraud
bsc,0x49809e2a256893ae4c136bc7e44ee6a60bba1c95,Fraud
bsc,0x59abf3837fa962d6853b4cc0a19513aa031fd32b,Fraud
bsc,0xb7e3d0fe8349c980a7a93e8378ec6d728970bd52,Fraud
bsc,0xe0e02e88adb4d4eaa5cb2952842cd3c76571831a,Fraud
bsc,0xc43b1f4e7e47be5d5663c3b26e4fb3fe7e217f90,Fraud
bsc,0x8e0d334a77614a7ce089c9246e9b1d7c7172ef02,Fraud
bsc,0xa7573991d44e7128e2831daa5e9722678ff020ca,Fraud
bsc,0xbc58b718b886cf62bf7000980fce96b2603e0950,Fraud
bsc,0xee6cacddd3a9370d87db581ee6728226883578e5,Fraud
bsc,0x0e61b4aec4d8fe53fb2de64e268bf20b5e6b0e07,Fraud
bsc,0xe4ecb6c45bc8fda0472f57a981ba9682fee191cb,Fraud
bsc,0x52c52cee08090fe635872c2b67badbe041fa58e2,Fraud
bsc,0x330bf950ab2fb1f8ed039a50b1a92478714a6c7c,Fraud
bsc,0x4f5bc3866858bf892118ac675e015286c37bbefd,Fraud
bsc,0xdaf38d906a94a20b07aef895a2cde34877f9da7f,Fraud
bsc,0x3551fd337471a8c6374d2f9c97519ca94ba1d59a,Fraud
bsc,0x79391843a5eff373a20e9f93096b41ff38f38013,Fraud
bsc,0x6666666c0765744193f48255717f05a0105d2401,Fraud
bsc,0xcba47af0547d12fb6b59c105835fab6b2fbc22ed,Fraud
bsc,0x731821d13414487ea46f1b485cfb267019917689,Fraud
bsc,0x472a2c88c1a5f794eb80706e587d4a120d9be255,Fraud
bsc,0x430ad7e178d3e00145f35c041c7f486d7e8a4c7e,Fraud
bsc,0xfc6682db7e9f57882e8b18ebc9adc7a19f770494,Fraud
bsc,0x0d6e286a7cfd25e0c01fee9756765d8033b32c71,Fraud
bsc,0xd01ae1a708614948b2b5e0b7ab5be6afa01325c7,Fraud
bsc,0x21bcb4fa299e13c4fa97b2271099f35a1499e74c,Fraud
bsc,0x3b6e77722e2bbe97c1cfa337b42c0939aeb83671,Fraud
bsc,0x1f5eabba9c56bca4a7828969b79bc87051125b31,Fraud
bsc,0x34400280a169f4685193926a513618cf7fe7f0aa,Fraud
bsc,0xb89e9365cb5bacfcf4a4b0386dfad45c3b4d3258,Fraud
bsc,0x4464e91002c63a623a8a218bd5dd1f041b61ec04,Fraud
bsc,0x7f5602b976c4892f1530339f85f139008fbcb771,Fraud
bsc,0xad9217e427ed9df8a89e582601a8614fd4f74563,Fraud
bsc,0xa73505453f58e367c80f16685079dad6f4ea6b18,Fraud
bsc,0x886358f9296de461d12e791bc9ef6f5a03410c64,Fraud
bsc,0x59c686272e6f11dc8701a162f938fb085d940ad3,Fraud
bsc,0x1514aaa4dcf56c4aa90da6a4ed19118e6800dc46,Fraud
Ethereum,0x00768bc9f9a2347579ad331e80e9b80c76f4c891,Fraud
Ethereum,0x0083a444502df7e3bb6516c0cfd92a60b6bfecd8,Fraud
Ethereum,0x0290445d5f6f78452d4d70b49c267bd856fda636,Fraud
Ethereum,0x04b21735e93fa3f8df70e2da89e6922616891a88,Fraud
Ethereum,0x057a3b930702c30e73c309b38a39fd54b468fd83,Fraud
Ethereum,0x05d3db345dd039673e2d0ce57e3da9ae4ce8e131,Fraud
Ethereum,0x0629b1048298ae9deff0f4100a31967fb3f98962,Fraud
Ethereum,0x09278b36863be4ccd3d0c22d643e8062d7a11377,Fraud
Ethereum,0x0a3b4bde9116a950a036204bf0d7a16d285f8995,Fraud
Ethereum,0x0acc0e5faa09cb1976237c3a9af3d3d4b2f35fa5,Fraud
Ethereum,0x0c014567daff377c36e032a2593f9f1177f77750,Fraud
Ethereum,0x0cc4bed1190019cb4be95e81fd4c4fc7cee600a4,Fraud
Ethereum,0x0cffef1c95e280abc2ff1c44693eee19de921093,Fraud
Ethereum,0x0e8c1e2881f35ef20343264862a242fb749d6b35,Fraud
Ethereum,0x0fa09c3a328792253f8dee7116848723b72a6d2e,Fraud
Ethereum,0x140c9ab92347734641b1a7c124ffdee58c20c3e3,Fraud
Ethereum,0x1462680f21eb29df32d1eb14b02ff94b3a018142,Fraud
Ethereum,0x1512fcb09463a61862b73ec09b9b354af1790268,Fraud
Ethereum,0x1542368a03ad1f03d96d51b414f4738961cf4443,Fraud
Ethereum,0x17fa60e290166c3ad9ac426aa0502ba5ebc6f830,Fraud
Ethereum,0x1840de53f22b6e23affb9b4a52261bd7daaf88d4,Fraud
Ethereum,0x1957a4c3d2edcb893c9b85833a417ea035d3aed7,Fraud
Ethereum,0x1bb0970508316dc735329752a4581e0a4babc6b4,Fraud
Ethereum,0x1dd7daf089c16856155fefd7e2170966bb6b3aee,Fraud
Ethereum,0x1e1d02d663228e5d47f1de64030b39632a3b787d,Fraud
Ethereum,0x1eb27f136bfe7947f80d6cee3cf0bfdf92b45e57,Fraud
Ethereum,0x1f639bea22de3e9760cca0db5925b8b5da4e2d70,Fraud
Ethereum,0x21032176b43d9f7e9410fb37290a78f4fed6044c,Fraud
Ethereum,0x2147921681116d2459b5bb105036791cbb0ff58f,Fraud
Ethereum,0x2290937a4498c96effb87b8371a33d108f8d433f,Fraud
Ethereum,0x22a99dd23530b2e587af6e251d950ae7a1d92900,Fraud
Ethereum,0x230f038b2157b378f890d417ec25ed5154bc7419,Fraud
Ethereum,0x231e2547ca75b8f9e22be1b45845db07300cf9b4,Fraud
Ethereum,0x23747df75c01dd9aac224f7b7fd1e4dae2969c35,Fraud
Ethereum,0x23db729908137cb60852f2936d2b5c6de0e1c887,Fraud
Ethereum,0x246065f42c50d443cb54fca19e14c2c27ebb0866,Fraud
Ethereum,0x24c0774663809147e93fe6660554587d475349b4,Fraud
Ethereum,0x252bdaaee67e3a94d80c98b22b6e85c2e4a86e56,Fraud
Ethereum,0x274011ae1a0fc9b6349ff753f8e2e00367d8dcc6,Fraud
Ethereum,0x28c14e2e0d00862b9201e4773975e002d94e7bd6,Fraud
Ethereum,0x28d990a4374aecaaf3db200c1b96d68215c3fc1f,Fraud
Ethereum,0x29eb1561d21d6a6609a092ee3ce742062c9745dd,Fraud
Ethereum,0x2c6900b24221de2b4a45c8c89482fff96ffb7e55,Fraud
Ethereum,0x2d8231e7cb5d21887f0b007878a4bdd8b1a9c0e4,Fraud
Ethereum,0x2de2a4bb7daa74b826ddfb091c05352446a32776,Fraud
Ethereum,0x2f508f882b2473d794ad4a11ed06420eec1ccdf0,Fraud
Ethereum,0x2fd2924698cab9fc94838a96d60b14aa1497afd0,Fraud
Ethereum,0x30a822cdd2782d2b2a12a08526452e885978fa1d,Fraud
Ethereum,0x31255053776558098885c5be809cd6f38dc2e6c2,Fraud
Ethereum,0x313f7c62b4ac4377ebd69fcebbb484a26faef678,Fraud
Ethereum,0x325a4fb13d568b025c7deb17bb0fec5f49b9029a,Fraud
Ethereum,0x33a53bb5cff9f5fc3aac3d05af068e979779834b,Fraud
Ethereum,0x33ddb7c2f24409409a6ca025b04fdfa3ed9e27a3,Fraud
Ethereum,0x35de4f239ff55f9877f51a463ae56d879ec210c2,Fraud
Ethereum,0x35febc10112302e0d69f35f42cce85816f8745ca,Fraud
Ethereum,0x361384e2761150170d349924a28d965f0dd3f092,Fraud
Ethereum,0x363908df2b0890e7e5c1e403935133094287d7d1,Fraud
Ethereum,0x36ada97f1e06b8f4677a81ebfe319c82524c301f,Fraud
Ethereum,0x36ed3c0213565530c35115d93a80f9c04d94e4cb,Fraud
Ethereum,0x378966338f04e4264aa521841c59406138e86fe9,Fraud
Ethereum,0x3a21f4e6bbe527d347ca7c157f4233c935779847,Fraud
Ethereum,0x3cea2c22be01ee8a55152d03c1c6d4dff1b3c1ac,Fraud
Ethereum,0x3fd6f93bf9988ddcbbda974fa70f5bb8cc029bc0,Fraud
Ethereum,0x4066cad8fde97a6182ca24841615955a2c7f9362,Fraud
Ethereum,0x40e98feeebad7ddb0f0534ccaa617427ea10187e,Fraud
Ethereum,0x40ede0a8cd9ed24c731aca7bd687ac4757292216,Fraud
Ethereum,0x41df876ee930a76c8145758dcc9b6f53d4c153df,Fraud
Ethereum,0x43c05e6b70184d7757d281ee514ab2b1b90e0cfb,Fraud
Ethereum,0x44183fd1a79704f79e0986c6380dd9bfbbc7e6d2,Fraud
Ethereum,0x4483b0ed13043282774233076fe4c621dd18ce6d,Fraud
Ethereum,0x44ace81073fa9fe453925a9c47a80873a3b047a0,Fraud
Ethereum,0x4571bd67d14280e40bf3910bd39fbf60834f900a,Fraud
Ethereum,0x45fd10b4f41d17fc0a129575d59b1542a682d05e,Fraud
Ethereum,0x465685cd787a23ada65b2d7438f2e22915350376,Fraud
Ethereum,0x47666fab8bd0ac7003bce3f5c3585383f09486e2,Fraud
Ethereum,0x4c198b3b5f3a4b1aa706dac73d826c2b795ccd67,Fraud
Ethereum,0x4cd567d76da9acb592ff3ed847fb6905b7368473,Fraud
Ethereum,0x4d0f57689843c32a53668c8d69ddd65f7a490965,Fraud
Ethereum,0x4fbc89a8afba721d921df4e91a7560dd6217f16d,Fraud
Ethereum,0x50275e0b7261559ce1644014d4b78d4aa63be836,Fraud
Ethereum,0x51dd8238ff9ef19a9895f8f531154d7cc8c507ab,Fraud
Ethereum,0x51e9d833ecae4e8d9d8be17300aee6d3398c135d,Fraud
Ethereum,0x52207ec7b1b43aa5db116931a904371ae2c1619e,Fraud
Ethereum,0x540f4fd6bc148b13943a8e157c3200eb52fa696a,Fraud
Ethereum,0x543a4b451c25e6e94b11374dc5d530d81f3e6aee,Fraud
Ethereum,0x55cca2f5eb07907696afe4b9db5102bce5feb734,Fraud
Ethereum,0x5751481492793868efbce0ebb82728a706a2c8fb,Fraud
Ethereum,0x57949b506d895d9ededdd9883bc301a820fdd063,Fraud
Ethereum,0x57a72ce4fd69ebedefc1a938b690fbf11a7dff80,Fraud
Ethereum,0x57ee1b8ed82191eb73a4fd923e33a71ecf2a552a,Fraud
Ethereum,0x59abf3837fa962d6853b4cc0a19513aa031fd32b,Fraud
Ethereum,0x5af75eab6bec227657fa3e749a8bfd55f02e4b1d,Fraud
Ethereum,0x5b97513c050508bf589156bdef71d3f5022052aa,Fraud
Ethereum,0x5f2f99f21181d8668ec6e2e761704d9c383f989a,Fraud
Ethereum,0x5f35187ba2568618eca75b6e8a0de643edd29d9f,Fraud
Ethereum,0x5f665476fc7760f176df764a56765bf6cae8ed31,Fraud
Ethereum,0x5fe5040f062d03b6a1fe336c895bda4cad965bb5,Fraud
Ethereum,0x62691caa76ee5c8e40ae9149aa59b25ebbd4fd65,Fraud
Ethereum,0x62b4daa783bb22cf45b6524c63c0477ee10b215f,Fraud
Ethereum,0x62ec5ae5caf35667cc624e3843426ddb5a877bab,Fraud
Ethereum,0x63dc352ddfc17aa04edac47ce36e186c1e54b02c,Fraud
Ethereum,0x64771ef81ab417d8213be90f1e16871b8a335032,Fraud
Ethereum,0x6551fb9be444987f7482012cbf7ea95a1ee8dd0e,Fraud
Ethereum,0x660bfcea3a5faf823e8f8bf57dd558db034dea1d,Fraud
Ethereum,0x668399a6604c41d46c81430e4dff71443d44efe6,Fraud
Ethereum,0x680910cf5fc9969a25fd57e7896a14ff1e55f36b,Fraud
Ethereum,0x684d4b58dc32af786bf6d572a792ff7a883428b9,Fraud
Ethereum,0x6863869b9d138e5bbef0ab565228648718d0b6c4,Fraud
Ethereum,0x6aa5214abb24cf06591900ffc00f5f50dc5fa892,Fraud
Ethereum,0x6ad4486edfbceafc170c3dd7762e8be1ddae12c2,Fraud
Ethereum,0x6d46bd3aff100f23c194e5312f93507978a6dc91,Fraud
Ethereum,0x6ea4cd20a0930eaf5b0bc097238ceaf9008703d5,Fraud
Ethereum,0x6eedf92fb92dd68a270c3205e96dccc527728066,Fraud
Ethereum,0x6febb3debfcaea0a58fb8a648d5689e691fcf558,Fraud
Ethereum,0x70077ce9ff7e775fb2899450fe5f155526f53104,Fraud
Ethereum,0x70ea8c85608bee0b18fb5c547b95f28335d63eea,Fraud
Ethereum,0x7189c049e5b5e07ea5bb70c90880bffdb65c6d9b,Fraud
Ethereum,0x719981cf7d1a1dc681a1cf0c6b1eeee090d0fed6,Fraud
Ethereum,0x723a7084028421994d4a7829108d63ab44658315,Fraud
Ethereum,0x72c498c4b0e4609207bd9a8f459a17642910c2f1,Fraud
Ethereum,0x72f9fe195642d7c84bad64b5c5f489459eeb8eb4,Fraud
Ethereum,0x74487eed1e67f4787e8c0570e8d5d168a05254d4,Fraud
Ethereum,0x7657b5ef25bff52499807e75248c9022420e078a,Fraud
Ethereum,0x77dfa3c3704e689e4db5c4999d8568f7560ef221,Fraud
Ethereum,0x7c734d35846aa8255461907eeeed1306397173c1,Fraud
Ethereum,0x7cbb94041c0f04bb90edbe6901c00cd0051e8e9b,Fraud
Ethereum,0x7d522f67268f1c46d888fe083aaa86f784b9d082,Fraud
Ethereum,0x7f1defe8358148ff42b368706cb3d18e35317268,Fraud
Ethereum,0x83c7678492d623fb98834f0fbcb2e7b7f5af8950,Fraud
Ethereum,0x83ef5e80fad88288f770152875ab0bb16641a09e,Fraud
Ethereum,0x8a4f03ca00400795119934c2ed458d8dd74a1dad,Fraud
Ethereum,0x8b75e47976c3c500d0148463931717001f620887,Fraud
Ethereum,0x8c71c9eb13d0a9c0a12c0e11047eaa06a563995d,Fraud
Ethereum,0x8c7235e1a6eef91b980d0fca083347fbb7ee1806,Fraud
Ethereum,0x8efee6b09c0a71b1a23ecba7837783c5814ed6d0,Fraud
Ethereum,0x8f5376c6eddc246d7e57040b1b0647fd3cbaff89,Fraud
Ethereum,0x8f6a86f3ab015f4d03ddb13abb02710e6d7ab31b,Fraud
Ethereum,0x8f8ab407c1dc380c8302976df184ab3e78ec1c0f,Fraud
Ethereum,0x90ca792206ed7ee9bc9da0d0df981fc5619f91fd,Fraud
Ethereum,0x9271eddda0f0f2bb7b1a0c712bdf8dbd0a38d1ab,Fraud
Ethereum,0x940362b46faf7df48af1c8989d809f50466b5fca,Fraud
Ethereum,0x959a90a6b88d19184ac7c46dfe43ff2968b12bd2,Fraud
Ethereum,0x959c4ca19c4532c97a657d82d97accbab70e6fb4,Fraud
Ethereum,0x961a19d16db31add5e257bc3d73b403ee0d3680e,Fraud
Ethereum,0x96244d83dc15d36847c35209bbdc5bdde9bec3d8,Fraud
Ethereum,0x9652e54fd0fc60f198e2c0310f2edfd508ffa1c8,Fraud
Ethereum,0x967bb571f0fc9ee79c892abf9f99233aa1737e31,Fraud
Ethereum,0x96ee86ca3a9c8eda008a4a52ee0ff2a9e0a9190c,Fraud
Ethereum,0x97a05becc2e7891d07f382457cd5d57fd242e4e8,Fraud
Ethereum,0x9bc22f7e0234029eaf2c570588d829f07123fdd6,Fraud
Ethereum,0x9bd3961c300ffd5c96a835b88a3c8a401d96ff17,Fraud
Ethereum,0x9c7db0dfe1a8a8b4ba2a10ecaf3b257448e45cc7,Fraud
Ethereum,0x9d1e4d4959a61124feeae0b34a9ae0e311b43790,Fraud
Ethereum,0x9ef42873ae015aa3da0c4354aef94a18d2b3407b,Fraud
Ethereum,0x9f232a0c25794d0a3a9bf7d4f7637f4093aaba59,Fraud
Ethereum,0x9f57c879a8c856edee3a47c344f15ac5a8da3c69,Fraud
Ethereum,0x9f66ef51787d9554ae08d1745bd1043321546d2b,Fraud
Ethereum,0xa24337982db36036ac30be25aefdbbb3e2473f64,Fraud
Ethereum,0xa38106bed4de4bc75950cfe76beb84ddcd238534,Fraud
Ethereum,0xa4b2fd68593b6f34e51cb9edb66e71c1b4ab449e,Fraud
Ethereum,0xa57eda20be51ae07df3c8b92494c974a92cf8956,Fraud
Ethereum,0xa5a023e052243b7cce34cbd4ba20180e8dea6ad6,Fraud
Ethereum,0xa89ee8022661dfe8ba65e2fcbc3502d306e295e6,Fraud
Ethereum,0xa9cd063e2cd138a989e0ed10c150fc36eca7e9f6,Fraud
Ethereum,0xaa5e9ece5aec8cbbfbacfd0fdcf146ad6ee4f647,Fraud
Ethereum,0xab41f13320e9755692089c21049c57a0a0a8e23b,Fraud
Ethereum,0xaba5f29874731253c1ed99c0f3266c384e392370,Fraud
Ethereum,0xac5b4e1d9c2f6c103cb381d5b8f02dda3ad3342f,Fraud
Ethereum,0xaf620e6d32b1c67f3396ef5d2f7d7642dc2e6ce9,Fraud
Ethereum,0xafad9352eb6bcd085dd68268d353d0ed2571af89,Fraud
Ethereum,0xb0146aec3593410c8307b570af69adf4d74678b3,Fraud
Ethereum,0xb172f7e99452446f18ff49a71bfeecf0873003b4,Fraud
Ethereum,0xb1b2d7b8a308fa85954bfba419400fe52c9ffe9b,Fraud
Ethereum,0xb21e59b3d4e4d6c5247325dc5fbedbc89afc69f4,Fraud
Ethereum,0xb4a862a81abb2f952fca4c6f5510962e18c7f1a2,Fraud
Ethereum,0xb61693a2f1f3f788d0f4b7ddf03321028dee5bb1,Fraud
Ethereum,0xb72334cb9d0b614d30c4c60e2bd12ff5ed03c305,Fraud
Ethereum,0xb77a4a9678315775c4ba89f18f84f87538e748f5,Fraud
Ethereum,0xb822ae96ca67ddc4129b254d46c5cd904bc1c33e,Fraud
Ethereum,0xb8343bcc0256aa2d11022f12941c40c9822b6afb,Fraud
Ethereum,0xb9943d5ab8b3a70925714233d938dd62e957f92e,Fraud
Ethereum,0xba19fa8e1ebab926a13ebe35ad595d2a4e2c7081,Fraud
Ethereum,0xbbd4ddb53ea2796f3fd7d9d79740fa28402f73da,Fraud
Ethereum,0xbc0842230c10066c47711342608ffeed26661884,Fraud
Ethereum,0xbc3e5e8c10897a81b63933348f53f2e052f89a7e,Fraud
Ethereum,0xbca02b395747d62626a65016f2e64a20bd254a39,Fraud
Ethereum,0xbdd077f651ebe7f7b3ce16fe5f2b025be2969516,Fraud
Ethereum,0xbde2cc5375fa9e0383309a2ca31213f2d6cabcbd,Fraud
Ethereum,0xc3d088dc15a3b01277f301f8b42427bdc3a8ecb7,Fraud
Ethereum,0xc407fe2b691dd9b7c3dc6f4ef34c9ceb084d136b,Fraud
Ethereum,0xc5265fb6ebe88d62626e2212234c7d3b8b7ef912,Fraud
Ethereum,0xc63dd6d4efe063807a521ebcbff6c61cd786b2e9,Fraud
Ethereum,0xc81931a0d29d1f85bf3796ee9017333657fe23d0,Fraud
Ethereum,0xc9bac54b55a3b2c6b4bc85d1117024cbe081cfdc,Fraud
Ethereum,0xca4803f32f7002ea4ddd2cecfd6705ec68d05c9c,Fraud
Ethereum,0xcaecf0ac70044a5fa5d55dba147eb5dded1dc80b,Fraud
Ethereum,0xcd1a4a457ca8b0931c3bf81df3cfa227adbdb6e9,Fraud
Ethereum,0xcd7ec020121ead6f99855cbb972df502db5bc63a,Fraud
Ethereum,0xce643d9e0a743e12a30c011c072d5161575c82dd,Fraud
Ethereum,0xce7e3adc799d6959578123df69836badbdb1b988,Fraud
Ethereum,0xcfbd2326234ddb5f0eaea69313b864c3dff00008,Fraud
Ethereum,0xcfc14fa81226074036622976d95897ff84b58d66,Fraud
Ethereum,0xd16003fcf72b41925957ecb8934c8d8b36c293d7,Fraud
Ethereum,0xd3088ba055aec9067c7871135849397d0415f937,Fraud
Ethereum,0xd34bf257a94237d8a4abaa16e724e86ea8a43742,Fraud
Ethereum,0xd3c611aed139107dec2294032da3913bc26507fb,Fraud
Ethereum,0xd43360749ca17d9eace1119ac0835d3d66f40f1d,Fraud
Ethereum,0xd508be16c347aeeaee0522e1350b7b7daf7e9bcc,Fraud
Ethereum,0xd5140c82d5b4edce7c27e602df6fea4738b91838,Fraud
Ethereum,0xd584294f1bc019c0b1d9af4d9082e74f71b5f2e6,Fraud
Ethereum,0xd5b58cf7813c1edc412367b97876bd400ea5c489,Fraud
Ethereum,0xdb0fd4ee668277ce1e12a13022cd3e253005b86f,Fraud
Ethereum,0xdd90071d52f20e85c89802e5dc1ec0a7b6475f92,Fraud
Ethereum,0xdf0fbc9fe94f756cbf3dcfd67c4c7677b56a4a15,Fraud
Ethereum,0xe055be47b19a01186fe6aa2c53cda7cac332eb01,Fraud
Ethereum,0xe4dadea7ee1ff98582d8aab499639275008535f5,Fraud
Ethereum,0xe60925c0adab7eb8c93686fe162f1a9e450a8d86,Fraud
Ethereum,0xe69753ddfbedbd249e703eb374452e78dae1ae49,Fraud
Ethereum,0xe9bc552fdfa54b30296d95f147e3e0280ff7f7e6,Fraud
Ethereum,0xe9c2d7ff6bcc307a229907bb923d1679121b381e,Fraud
Ethereum,0xe9ea707243148dcd48585250825f3de9c9feb5b2,Fraud
Ethereum,0xeb0baa3a556586192590cad296b1e48df62a8549,Fraud
Ethereum,0xeb31973e0febf3e3d7058234a5ebbae1ab4b8c23,Fraud
Ethereum,0xec6da742f2266ec7365a331400a7dcacdcd5d984,Fraud
Ethereum,0xec6ffb13d763d11ae7b8a2075ddb42097d1206a4,Fraud
Ethereum,0xecbe385f78041895c311070f344b55bfaa953258,Fraud
Ethereum,0xee1abcaf6ebea80c65fa585377c00023a3467f02,Fraud
Ethereum,0xef15b99d9d748bd7021906429565027eb5fb5169,Fraud
Ethereum,0xf03afb1c6a11a7e370920ad42e6ee735dbedf0b1,Fraud
Ethereum,0xf03f3a23d20adf2a5117080d728430d6ae46d169,Fraud
Ethereum,0xf0a16603289eaf35f64077ba3681af41194a1c09,Fraud
Ethereum,0xf1809f69e33a81796651d3dd14abdb3652d9625b,Fraud
Ethereum,0xf302572594a68aa8f951fae64ed3ae7da41c72be,Fraud
Ethereum,0xf454622c6d4184c246b7164f69784691ced57987,Fraud
Ethereum,0xf58841b8ce569bfd1ad73aaf43d93c834855d7e4,Fraud
Ethereum,0xf68182c44779cff96e8a670c4e64a2b6c778586d,Fraud
Ethereum,0xf6f001b1d6a0e3ec02914848fb8f34503e7dc769,Fraud
Ethereum,0xfa3fcccb897079fd83bfba690e7d47eb402d6c49,Fraud
Ethereum,0xfae288c79c337e7f55db70abe85d39b59ed130ea,Fraud
Ethereum,0xfbc6b16b9d982e2832a1edc37b624ca0cd50dee4,Fraud
Ethereum,0xfc926659dd8808f6e3e0a8d61b20b871f3fa6465,Fraud
Ethereum,0xfce3fea9a4d532320f78a0704d72d1f42ce3b92b,Fraud
Ethereum,0xfd6f294f3c9e117dde30495770ba9b073c33b065,Fraud
Ethereum,0xfda9415dc40886c9029dc5a892f3d106d76b2dd4,FraudGnosis,0x0000000000004f3d8aaf9175fd824cb00ad4bf80,Fraud
Gnosis,0x0000006f1145cf2725dff772ac6bd23f244c2d36,Fraud
Gnosis,0x00768bc9f9a2347579ad331e80e9b80c76f4c891,Fraud
Gnosis,0x0083a444502df7e3bb6516c0cfd92a60b6bfecd8,Fraud
Gnosis,0x00aeb2fac3dbb8c3a300e65b272c9b2d7ce26d3b,Fraud
Gnosis,0x00c58434f247dfdca49b9ee82f3013bac96f60ff,Fraud
Gnosis,0x00fac92881556a90fdb19eae9f23640b95b4bcbd,Fraud
Gnosis,0x010fc97cb0a4d101dce20dab37361514bd59a53a,Fraud
Gnosis,0x057a3b930702c30e73c309b38a39fd54b468fd83,Fraud
Gnosis,0x05d3db345dd039673e2d0ce57e3da9ae4ce8e131,Fraud
Gnosis,0x099b3d4d2312caf63631c8cbb3d71aeb5851277a,Fraud
Gnosis,0x0c504c729e8f3bcb5b7138500d89eaab923f5866,Fraud
Gnosis,0x0e3d9ba74d9d4ffae255bb6e9386e7aa9ce13cc4,Fraud
Gnosis,0x0e6667003891e36678f71d4a5ab9a9a0e5b066b5,Fraud
Gnosis,0x0fa09c3a328792253f8dee7116848723b72a6d2e,Fraud
Gnosis,0x132d9bbdbe718365af6cc9e43bac109a9a53b138,Fraud
Gnosis,0x1462680f21eb29df32d1eb14b02ff94b3a018142,Fraud
Gnosis,0x14cfa851ff34952a223ea7fdf621a05b128411ef,Fraud
Gnosis,0x172dca3e72e4643ce8b7932f4947347c1e49ba6d,Fraud
Gnosis,0x17fa60e290166c3ad9ac426aa0502ba5ebc6f830,Fraud
Gnosis,0x1840de53f22b6e23affb9b4a52261bd7daaf88d4,Fraud
Gnosis,0x1b3766e3f239fea3563d27821c892320081deea1,Fraud
Gnosis,0x1ecf1999f8ad6dc381c45d268913969279743104,Fraud
Gnosis,0x1f490e106f2e9742460f9ea9d4427d21f89e6429,Fraud
Gnosis,0x1f639bea22de3e9760cca0db5925b8b5da4e2d70,Fraud
Gnosis,0x20fae1d82bcb107447bdad7947ea16075613ed81,Fraud
Gnosis,0x2147921681116d2459b5bb105036791cbb0ff58f,Fraud
Gnosis,0x22a99dd23530b2e587af6e251d950ae7a1d92900,Fraud
Gnosis,0x230f038b2157b378f890d417ec25ed5154bc7419,Fraud
Gnosis,0x23747df75c01dd9aac224f7b7fd1e4dae2969c35,Fraud
Gnosis,0x246065f42c50d443cb54fca19e14c2c27ebb0866,Fraud
Gnosis,0x24b67e041810e54cfc2e33c17d1b7a7b6b62a408,Fraud
Gnosis,0x24c0774663809147e93fe6660554587d475349b4,Fraud
Gnosis,0x25869347f7993c50410a9b9b9c48f37d79e12a36,Fraud
Gnosis,0x274011ae1a0fc9b6349ff753f8e2e00367d8dcc6,Fraud
Gnosis,0x27441c62dbe261fdf5e1feec7ed19cf6820d583b,Fraud
Gnosis,0x28c14e2e0d00862b9201e4773975e002d94e7bd6,Fraud
Gnosis,0x28d990a4374aecaaf3db200c1b96d68215c3fc1f,Fraud
Gnosis,0x29eb1561d21d6a6609a092ee3ce742062c9745dd,Fraud
Gnosis,0x2a566d111d0a5be888fec5f3834434af3245bb1b,Fraud
Gnosis,0x2ae2f691642bb18cd8deb13a378a0f95a9fee933,Fraud
Gnosis,0x2dea406bb3bea68d6be8d9ef0071fdf63082fb52,Fraud
Gnosis,0x2e3126242b8d49649e963405f1d151f2fe5d9e76,Fraud
Gnosis,0x2f508f882b2473d794ad4a11ed06420eec1ccdf0,Fraud
Gnosis,0x2fd2924698cab9fc94838a96d60b14aa1497afd0,Fraud
Gnosis,0x31255053776558098885c5be809cd6f38dc2e6c2,Fraud
Gnosis,0x319bb061c47f21113b9fabd5a73c77ac88fbe0ab,Fraud
Gnosis,0x325a4fb13d568b025c7deb17bb0fec5f49b9029a,Fraud
Gnosis,0x33a53bb5cff9f5fc3aac3d05af068e979779834b,Fraud
Gnosis,0x33ddb7c2f24409409a6ca025b04fdfa3ed9e27a3,Fraud
Gnosis,0x34fc1341c47b2484ef83af42f2b18e43548040d8,Fraud
Gnosis,0x35b625c25792913c5d67eed22ba05d1a74e3759e,Fraud
Gnosis,0x35de4f239ff55f9877f51a463ae56d879ec210c2,Fraud
Gnosis,0x35f4306738a6a68eb2b2b688e1643b3fa6a5a538,Fraud
Gnosis,0x36ada97f1e06b8f4677a81ebfe319c82524c301f,Fraud
Gnosis,0x378966338f04e4264aa521841c59406138e86fe9,Fraud
Gnosis,0x3cc1edd8a25c912fcb51d7e61893e737c48cd98d,Fraud
Gnosis,0x3cea2c22be01ee8a55152d03c1c6d4dff1b3c1ac,Fraud
Gnosis,0x3fd6f93bf9988ddcbbda974fa70f5bb8cc029bc0,Fraud
Gnosis,0x4015d786e33c1842c3e4d27792098e4a3612fc0e,Fraud
Gnosis,0x4066cad8fde97a6182ca24841615955a2c7f9362,Fraud
Gnosis,0x40ede0a8cd9ed24c731aca7bd687ac4757292216,Fraud
Gnosis,0x416bce754903a57b1ed2e771025db8521b8dfc54,Fraud
Gnosis,0x41df876ee930a76c8145758dcc9b6f53d4c153df,Fraud
Gnosis,0x43c05e6b70184d7757d281ee514ab2b1b90e0cfb,Fraud
Gnosis,0x4483b0ed13043282774233076fe4c621dd18ce6d,Fraud
Gnosis,0x44ace81073fa9fe453925a9c47a80873a3b047a0,Fraud
Gnosis,0x45fd10b4f41d17fc0a129575d59b1542a682d05e,Fraud
Gnosis,0x465685cd787a23ada65b2d7438f2e22915350376,Fraud
Gnosis,0x46bdee9cbf31693d460797c4eb889f6dd70079d4,Fraud
Gnosis,0x482b004e7800174a1efb87f496552ac8f53b2fda,Fraud
Gnosis,0x48f1d0f5831eb6e544f8cbde777b527b87a1be98,Fraud
Gnosis,0x496e5a7ba67735c7ee5eb81ef07b65b909a31345,Fraud
Gnosis,0x4ccd02690d32e2512fc99dfd837972597e522c2b,Fraud
Gnosis,0x4cd567d76da9acb592ff3ed847fb6905b7368473,Fraud
Gnosis,0x4ddab45d129af69e574cc749fbf62bc688f79c3a,Fraud
Gnosis,0x4fbc89a8afba721d921df4e91a7560dd6217f16d,Fraud
Gnosis,0x51dd8238ff9ef19a9895f8f531154d7cc8c507ab,Fraud
Gnosis,0x540f4fd6bc148b13943a8e157c3200eb52fa696a,Fraud
Gnosis,0x543a4b451c25e6e94b11374dc5d530d81f3e6aee,Fraud
Gnosis,0x551f3110f12c763d1611d5a63b5f015d1c1a954c,Fraud
Gnosis,0x56f77adc522bffebb3af0669564122933ab5ea4f,Fraud
Gnosis,0x5706a19c5abbe7f02fe772fc1f1996d42adff884,Fraud
Gnosis,0x5751481492793868efbce0ebb82728a706a2c8fb,Fraud
Gnosis,0x57ee1b8ed82191eb73a4fd923e33a71ecf2a552a,Fraud
Gnosis,0x59367b057055fd5d38ab9c5f0927f45dc2637390,Fraud
Gnosis,0x593749d5414d8a735cda16e4b47cc9bfa47d5683,Fraud
Gnosis,0x59a1c409f727f2e012bca3ae648bf338fbd53061,Fraud
Gnosis,0x5a85e00148ab7114634fd8362de3765bfd99025c,Fraud
Gnosis,0x5af00b07a55f55775e4d99249dc7d81f5bc14c22,Fraud
Gnosis,0x5b97513c050508bf589156bdef71d3f5022052aa,Fraud
Gnosis,0x5cc162c556092fe1d993b95d1b9e9ce58a11dbc9,Fraud
Gnosis,0x5d6e908c4cd6eda1c2a9010d1971c7d62bdb5cd3,Fraud
Gnosis,0x5d81fc92a9f591bff34e2d992ffa1b350ca0dd3f,Fraud
Gnosis,0x5da038bda7c4c1f4b8171bfa931878f075884cb8,Fraud
Gnosis,0x5f35187ba2568618eca75b6e8a0de643edd29d9f,Fraud
Gnosis,0x5f665476fc7760f176df764a56765bf6cae8ed31,Fraud
Gnosis,0x5fe5040f062d03b6a1fe336c895bda4cad965bb5,Fraud
Gnosis,0x605389f7d213681d660ff3f11560c9af5e15415e,Fraud
Gnosis,0x62691caa76ee5c8e40ae9149aa59b25ebbd4fd65,Fraud
Gnosis,0x62ec5ae5caf35667cc624e3843426ddb5a877bab,Fraud
Gnosis,0x64771ef81ab417d8213be90f1e16871b8a335032,Fraud
Gnosis,0x654600556c67376ad28534d48d828b8bc79df344,Fraud
Gnosis,0x67a5f6bd9f8763c7e6c4ea0b54d1b14b9e5ee7e2,Fraud
Gnosis,0x6863869b9d138e5bbef0ab565228648718d0b6c4,Fraud
Gnosis,0x68ccb0644863c1c75e09154d072d8ad39fa84736,Fraud
Gnosis,0x6a1f503bfec09b6a5d3efdddea8ba9dceb9ec2d1,Fraud
Gnosis,0x6aa5214abb24cf06591900ffc00f5f50dc5fa892,Fraud
Gnosis,0x6c88be3ff0a1c98cd3ddbad1203507d0bc2e17f1,Fraud
Gnosis,0x6d9f6e900ac2ce6770fd9f04f98b7b0fc355e2ea,Fraud
Gnosis,0x70077ce9ff7e775fb2899450fe5f155526f53104,Fraud
Gnosis,0x70dd1ae7b2386adaba8ea829f97b27d3d6d9409c,Fraud
Gnosis,0x713d2b652e5f2a86233c57af5341db42a5559dd1,Fraud
Gnosis,0x71decbfc8be353c56052b04b44fcea2227ff1876,Fraud
Gnosis,0x72c498c4b0e4609207bd9a8f459a17642910c2f1,Fraud
Gnosis,0x72f9fe195642d7c84bad64b5c5f489459eeb8eb4,Fraud
Gnosis,0x7657b5ef25bff52499807e75248c9022420e078a,Fraud
Gnosis,0x77dfa3c3704e689e4db5c4999d8568f7560ef221,Fraud
Gnosis,0x7a5bf3b88f11da5fe1b7317deb01bbf93030322b,Fraud
Gnosis,0x7c734d35846aa8255461907eeeed1306397173c1,Fraud
Gnosis,0x7caf5f223256f74d378f9770e7f48f863d51dfda,Fraud
Gnosis,0x7f032162b2a91389ba56b5850f8fab82a1c4c9c8,Fraud
Gnosis,0x7ff2aa9cb7ad90315f86782bca736a15aebe2c2d,Fraud
Gnosis,0x8149f77504007450711023cf0ec11bdd6348401f,Fraud
Gnosis,0x86c5e027ffd8868278e1e113f65571055a10951c,Fraud
Gnosis,0x886f786618623fffb2be59830a47661ae6492e16,Fraud
Gnosis,0x8c71c9eb13d0a9c0a12c0e11047eaa06a563995d,Fraud
Gnosis,0x8d815590a66f35bf58b8524422e063fa58b2ba71,Fraud
Gnosis,0x8efb9311700439d70025d2b372fb54c61a60d5df,Fraud
Gnosis,0x8efee6b09c0a71b1a23ecba7837783c5814ed6d0,Fraud
Gnosis,0x8f8ab407c1dc380c8302976df184ab3e78ec1c0f,Fraud
Gnosis,0x907004b6bb6965a83fdbcbc060a5b30bc876c33d,Fraud
Gnosis,0x935d6cf073eab37ca2b5878af21329d5dbf4f4a5,Fraud
Gnosis,0x954386cb43dd2f0f637710a10f6b2d0f86aacb97,Fraud
Gnosis,0x956fd5ba28076f78da4c590d7e48aaf8b738fb8a,Fraud
Gnosis,0x96ee86ca3a9c8eda008a4a52ee0ff2a9e0a9190c,Fraud
Gnosis,0x983f2c0b032e6075a6326031dedbc9fb9b3c1eac,Fraud
Gnosis,0x9bd3961c300ffd5c96a835b88a3c8a401d96ff17,Fraud
Gnosis,0x9c7db0dfe1a8a8b4ba2a10ecaf3b257448e45cc7,Fraud
Gnosis,0x9d1e4d4959a61124feeae0b34a9ae0e311b43790,Fraud
Gnosis,0x9f232a0c25794d0a3a9bf7d4f7637f4093aaba59,Fraud
Gnosis,0x9f57c879a8c856edee3a47c344f15ac5a8da3c69,Fraud
Gnosis,0x9f66ef51787d9554ae08d1745bd1043321546d2b,Fraud
Gnosis,0xa12a5e80f19332759bd7bfa3f5505ca2c7d1dee7,Fraud
Gnosis,0xa24337982db36036ac30be25aefdbbb3e2473f64,Fraud
Gnosis,0xa38106bed4de4bc75950cfe76beb84ddcd238534,Fraud
Gnosis,0xa4658b117382a2bc6a2eb8ae79dc52eebe98f401,Fraud
Gnosis,0xa9cd063e2cd138a989e0ed10c150fc36eca7e9f6,Fraud
Gnosis,0xaa5e9ece5aec8cbbfbacfd0fdcf146ad6ee4f647,Fraud
Gnosis,0xab41f13320e9755692089c21049c57a0a0a8e23b,Fraud
Gnosis,0xaba5f29874731253c1ed99c0f3266c384e392370,Fraud
Gnosis,0xade410c130b6bd0cea7da210b94770e255c07657,Fraud
Gnosis,0xb07be4cfcc614fed528e07677b3a7d58af5a7330,Fraud
Gnosis,0xb1b2d7b8a308fa85954bfba419400fe52c9ffe9b,Fraud
Gnosis,0xb1e2afdb2c5854df5ba1ff447dfa5f5d1beb0405,Fraud
Gnosis,0xb32a53af96f7735d47f4b76c525bd5eb02b42600,Fraud
Gnosis,0xb360095a627d7c0e8f9f0dbd51ee028176323a7f,Fraud
Gnosis,0xb45091256971f1fc5a2ae67bbda804bf931cceea,Fraud
Gnosis,0xb5c54ee8017d9f0858f303e3ebdee6d8a369bb79,Fraud
Gnosis,0xb8975182634f04096844c4c8314eca2050bcab89,Fraud
Gnosis,0xb957ed2f9d104984fc547a26da744cef68a81238,Fraud
Gnosis,0xbbd4ddb53ea2796f3fd7d9d79740fa28402f73da,Fraud
Gnosis,0xbf4fe9c88660d628e11702ef780376dd16495b16,Fraud
Gnosis,0xc3d088dc15a3b01277f301f8b42427bdc3a8ecb7,Fraud
Gnosis,0xc407fe2b691dd9b7c3dc6f4ef34c9ceb084d136b,Fraud
Gnosis,0xc5c6d5f7d48449e0945d2bcc52121ac89e6edac4,Fraud
Gnosis,0xc81931a0d29d1f85bf3796ee9017333657fe23d0,Fraud
Gnosis,0xc95ae4e76e3329dfaa171a2eb2c05108df7028ba,Fraud
Gnosis,0xcaecf0ac70044a5fa5d55dba147eb5dded1dc80b,Fraud
Gnosis,0xcb96dde53f43035f7395d8dbdb652987f7630b3c,Fraud
Gnosis,0xce21c6e4fa557a9041fa98dff59a4401ef0a18ac,Fraud
Gnosis,0xce643d9e0a743e12a30c011c072d5161575c82dd,Fraud
Gnosis,0xce7e3adc799d6959578123df69836badbdb1b988,Fraud
Gnosis,0xcf4af9d2235fe233b2d959f715ebd4f7c639a2ec,Fraud
Gnosis,0xd16003fcf72b41925957ecb8934c8d8b36c293d7,Fraud
Gnosis,0xd3088ba055aec9067c7871135849397d0415f937,Fraud
Gnosis,0xd34bf257a94237d8a4abaa16e724e86ea8a43742,Fraud
Gnosis,0xd43360749ca17d9eace1119ac0835d3d66f40f1d,Fraud
Gnosis,0xd5140c82d5b4edce7c27e602df6fea4738b91838,Fraud
Gnosis,0xd5381c683191eb0999a51567274abab73a9df0ad,Fraud
Gnosis,0xd584294f1bc019c0b1d9af4d9082e74f71b5f2e6,Fraud
Gnosis,0xd5c6f3b71bcceb2ef8332bd8225f5f39e56a122c,Fraud
Gnosis,0xd9174c9ce7e70046f8e17a92e45853e0f2a366c2,Fraud
Gnosis,0xdb0fd4ee668277ce1e12a13022cd3e253005b86f,Fraud
Gnosis,0xdc8076c21365a93aac0850b67e4ca5fdec5fab9b,Fraud
Gnosis,0xdeec7c4b2140d2b11b95cb3b55fe77ad35703f93,Fraud
Gnosis,0xdf0fbc9fe94f756cbf3dcfd67c4c7677b56a4a15,Fraud
Gnosis,0xe055be47b19a01186fe6aa2c53cda7cac332eb01,Fraud
Gnosis,0xe3223f7e3343c2c8079f261d59ee1e513086c7c3,Fraud
Gnosis,0xe4dadea7ee1ff98582d8aab499639275008535f5,Fraud
Gnosis,0xe546480138d50bb841b204691c39cc514858d101,Fraud
Gnosis,0xe60925c0adab7eb8c93686fe162f1a9e450a8d86,Fraud
Gnosis,0xe763da20e25103da8e6afa84b6297f87de557419,Fraud
Gnosis,0xe9532fd591cb299e1c05b1d94166875396183159,Fraud
Gnosis,0xe9c2d7ff6bcc307a229907bb923d1679121b381e,Fraud
Gnosis,0xea8e090bb3978f566065c04a8ae348f6fbd4f6ca,Fraud
Gnosis,0xeac464c0905cd580e0aeb21eb28bb23ab83075bf,Fraud
Gnosis,0xec6ffb13d763d11ae7b8a2075ddb42097d1206a4,Fraud
Gnosis,0xecef4d9cb259ed788a44eba4a7a277d186fe4147,Fraud
Gnosis,0xee1abcaf6ebea80c65fa585377c00023a3467f02,Fraud
Gnosis,0xeebb87da95fd1c65baea636496005a00b481d320,Fraud
Gnosis,0xef417a7ed872595ae0dbd086477c46d4dfa5b15e,Fraud
Gnosis,0xf03f3a23d20adf2a5117080d728430d6ae46d169,Fraud
Gnosis,0xf30be320c55038d7f784c561e56340439dd1a283,Fraud
Gnosis,0xf454622c6d4184c246b7164f69784691ced57987,Fraud
Gnosis,0xf514c02048e9296d56d693f24dfc6780a2bdd18a,Fraud
Gnosis,0xf91848a076efaa6b8ecc9d378ab6d32bd506dc79,Fraud
Gnosis,0xfb1cc1548d039f14b02cff9ae86757edd2cdb8a5,Fraud
Gnosis,0xfda9415dc40886c9029dc5a892f3d106d76b2dd4,Fraud
Gnosis,0xfdba324a02a83b3bde7adde91891272fb9e896da,Fraud
Gnosis,0xfdd9b0a7e7e16b5fd48a3d1e242af362bc81bcaa,Fraud
Gnosis,0xff4e34e8ff21b30f82c0b46389064801e49997ab,Fraud
Polygon,0x00aeb2fac3dbb8c3a300e65b272c9b2d7ce26d3b,Fraud
Polygon,0x00c58434f247dfdca49b9ee82f3013bac96f60ff,Fraud
Polygon,0x0083a444502df7e3bb6516c0cfd92a60b6bfecd8,Fraud
Polygon,0x00768bc9f9a2347579ad331e80e9b80c76f4c891,Fraud
Polygon,0x010fc97cb0a4d101dce20dab37361514bd59a53a,Fraud
Polygon,0x00fac92881556a90fdb19eae9f23640b95b4bcbd,Fraud
Polygon,0x0000000000004f3d8aaf9175fd824cb00ad4bf80,Fraud
Polygon,0x00aeb2fac3dbb8c3a300e65b272c9b2d7ce26d3b,Fraud
Polygon,0x00c58434f247dfdca49b9ee82f3013bac96f60ff,Fraud
Polygon,0x0083a444502df7e3bb6516c0cfd92a60b6bfecd8,Fraud
Polygon,0x00768bc9f9a2347579ad331e80e9b80c76f4c891,Fraud
Polygon,0x010fc97cb0a4d101dce20dab37361514bd59a53a,Fraud
Polygon,0x00fac92881556a90fdb19eae9f23640b95b4bcbd,Fraud
Polygon,0x0000000000004f3d8aaf9175fd824cb00ad4bf80,Fraud
Polygon,0x00aeb2fac3dbb8c3a300e65b272c9b2d7ce26d3b,Fraud
Polygon,0x00c58434f247dfdca49b9ee82f3013bac96f60ff,Fraud
Polygon,0x0083a444502df7e3bb6516c0cfd92a60b6bfecd8,Fraud
Polygon,0x00768bc9f9a2347579ad331e80e9b80c76f4c891,Fraud
Polygon,0x010fc97cb0a4d101dce20dab37361514bd59a53a,Fraud
Polygon,0x00fac92881556a90fdb19eae9f23640b95b4bcbd,Fraud
Polygon,0x0000000000004f3d8aaf9175fd824cb00ad4bf80,Fraud
Polygon,0xea8e090bb3978f566065c04a8ae348f6fbd4f6ca,Fraud
Polygon,0xd8a5885e456c265e9938fecc3dde7357c58b630c,Fraud
Polygon,0xe9532fd591cb299e1c05b1d94166875396183159,Fraud
Polygon,0xb8975182634f04096844c4c8314eca2050bcab89,Fraud
Polygon,0xcacf2d28b2a5309e099f0c6e8c60ec3ddf656642,Fraud
Polygon,0xfdba324a02a83b3bde7adde91891272fb9e896da,Fraud
Polygon,0xcf4af9d2235fe233b2d959f715ebd4f7c639a2ec,Fraud
Polygon,0xf30be320c55038d7f784c561e56340439dd1a283,Fraud
Polygon,0xbf4fe9c88660d628e11702ef780376dd16495b16,Fraud
Polygon,0xd9174c9ce7e70046f8e17a92e45853e0f2a366c2,Fraud
Polygon,0xb32a53af96f7735d47f4b76c525bd5eb02b42600,Fraud
Polygon,0xc5c6d5f7d48449e0945d2bcc52121ac89e6edac4,Fraud
Polygon,0xc95ae4e76e3329dfaa171a2eb2c05108df7028ba,Fraud
Polygon,0xb45091256971f1fc5a2ae67bbda804bf931cceea,Fraud
Polygon,0xdeec7c4b2140d2b11b95cb3b55fe77ad35703f93,Fraud
Polygon,0xf514c02048e9296d56d693f24dfc6780a2bdd18a,Fraud
Polygon,0xce21c6e4fa557a9041fa98dff59a4401ef0a18ac,Fraud
Polygon,0xd2d113d7b5c4f8fb4a68ceda26f894f0fe25f24a,Fraud
Polygon,0xb6a2aaadcfc75eb2cf8f4cd64ff2fa26d98a5452,Fraud
Polygon,0xcb96dde53f43035f7395d8dbdb652987f7630b3c,Fraud
Polygon,0xc407fe2b691dd9b7c3dc6f4ef34c9ceb084d136b,Fraud
Polygon,0xce643d9e0a743e12a30c011c072d5161575c82dd,Fraud
Polygon,0xcaecf0ac70044a5fa5d55dba147eb5dded1dc80b,Fraud
Polygon,0xd34bf257a94237d8a4abaa16e724e86ea8a43742,Fraud
Polygon,0xf03f3a23d20adf2a5117080d728430d6ae46d169,Fraud
Polygon,0xc3d088dc15a3b01277f301f8b42427bdc3a8ecb7,Fraud
Polygon,0xd3088ba055aec9067c7871135849397d0415f937,Fraud
Polygon,0xe60925c0adab7eb8c93686fe162f1a9e450a8d86,Fraud
Polygon,0xe9c2d7ff6bcc307a229907bb923d1679121b381e,Fraud
Polygon,0xf454622c6d4184c246b7164f69784691ced57987,Fraud
Polygon,0xfda9415dc40886c9029dc5a892f3d106d76b2dd4,Fraud
Polygon,0xdf0fbc9fe94f756cbf3dcfd67c4c7677b56a4a15,Fraud
Polygon,0xce7e3adc799d6959578123df69836badbdb1b988,Fraud
Polygon,0xc81931a0d29d1f85bf3796ee9017333657fe23d0,Fraud
Polygon,0xd16003fcf72b41925957ecb8934c8d8b36c293d7,Fraud
Polygon,0xd5140c82d5b4edce7c27e602df6fea4738b91838,Fraud
Polygon,0xdb0fd4ee668277ce1e12a13022cd3e253005b86f,Fraud
Polygon,0xd43360749ca17d9eace1119ac0835d3d66f40f1d,Fraud
Polygon,0xee1abcaf6ebea80c65fa585377c00023a3467f02,Fraud
Polygon,0xbbd4ddb53ea2796f3fd7d9d79740fa28402f73da,Fraud
Polygon,0xe4dadea7ee1ff98582d8aab499639275008535f5,Fraud
Polygon,0xec6ffb13d763d11ae7b8a2075ddb42097d1206a4,Fraud
Polygon,0xff4e34e8ff21b30f82c0b46389064801e49997ab,Fraud
Polygon,0xd584294f1bc019c0b1d9af4d9082e74f71b5f2e6,Fraud
Polygon,0xe055be47b19a01186fe6aa2c53cda7cac332eb01,Fraud
Polygon,0xf91848a076efaa6b8ecc9d378ab6d32bd506dc79,Fraud
Polygon,0xef417a7ed872595ae0dbd086477c46d4dfa5b15e,Fraud
Polygon,0xfdd9b0a7e7e16b5fd48a3d1e242af362bc81bcaa,Fraud
Polygon,0xe3223f7e3343c2c8079f261d59ee1e513086c7c3,Fraud
Polygon,0xb360095a627d7c0e8f9f0dbd51ee028176323a7f,Fraud
Polygon,0xecef4d9cb259ed788a44eba4a7a277d186fe4147,Fraud
Polygon,0xd5c6f3b71bcceb2ef8332bd8225f5f39e56a122c,Fraud
Polygon,0xe53955d29cab692a867faca3aa9c4bb872e359be,Fraud
Polygon,0xb6ac8cbd51172b23b579084c3857007e5333f429,Fraud
Polygon,0xeebb87da95fd1c65baea636496005a00b481d320,Fraud
Polygon,0xe763da20e25103da8e6afa84b6297f87de557419,Fraud
Polygon,0xd5381c683191eb0999a51567274abab73a9df0ad,Fraud
Polygon,0xeac464c0905cd580e0aeb21eb28bb23ab83075bf,Fraud
Polygon,0xdc8076c21365a93aac0850b67e4ca5fdec5fab9b,Fraud
Polygon,0xfe3f568d58919b14aff72bd3f14e6f55bec6c4e0,Fraud
Polygon,0xfb1cc1548d039f14b02cff9ae86757edd2cdb8a5,Fraud
Polygon,0xe4a5a778a860e334c1788327614b826e8c518d90,Fraud
Polygon,0xe546480138d50bb841b204691c39cc514858d101,Fraud
Polygon,0xcc06dd348169d95b1693b9185ca561b28f5b2165,Fraud
Polygon,0xb957ed2f9d104984fc547a26da744cef68a81238,Fraud
Polygon,0xb5c54ee8017d9f0858f303e3ebdee6d8a369bb79,Fraud
Polygon,0x2c6900b24221de2b4a45c8c89482fff96ffb7e55,Fraud
Polygon,0x74487eed1e67f4787e8c0570e8d5d168a05254d4,Fraud
Polygon,0x0acc0e5faa09cb1976237c3a9af3d3d4b2f35fa5,Fraud
Polygon,0x967bb571f0fc9ee79c892abf9f99233aa1737e31,Fraud
Polygon,0x6551fb9be444987f7482012cbf7ea95a1ee8dd0e,Fraud
Polygon,0xafad9352eb6bcd085dd68268d353d0ed2571af89,Fraud
Polygon,0xadb3a003e59bccedaf3686d5563c6546ff53ad5a,Fraud
Polygon,0x59abf3837fa962d6853b4cc0a19513aa031fd32b,Fraud
Polygon,0x57a72ce4fd69ebedefc1a938b690fbf11a7dff80,Fraud
Polygon,0xfd6f294f3c9e117dde30495770ba9b073c33b065,Fraud
Polygon,0xb9943d5ab8b3a70925714233d938dd62e957f92e,Fraud
Polygon,0x44183fd1a79704f79e0986c6380dd9bfbbc7e6d2,Fraud
Polygon,0x9bc22f7e0234029eaf2c570588d829f07123fdd6,Fraud
Polygon,0xf6f001b1d6a0e3ec02914848fb8f34503e7dc769,Fraud
Polygon,0x50275e0b7261559ce1644014d4b78d4aa63be836,Fraud
Polygon,0x8f6a86f3ab015f4d03ddb13abb02710e6d7ab31b,Fraud
Polygon,0xecbe385f78041895c311070f344b55bfaa953258,Fraud
Polygon,0x2772b5dce4d5dd17a0ad2b55a8b3a0cdbd9ed75b,Fraud
Polygon,0x5dc3603c9d42ff184153a8a9094a73d461663214,Fraud
Polygon,0x685b121bbb80e89c232f0ea1755794f14cfc9822,Fraud
Polygon,0x07ba7e8947f8fb4d33f3c7e25c2cb35b858f02eb,Fraud
Polygon,0x6004ba8d5fb50b611344e29c19641e734c5f0759,Fraud
Polygon,0xfe3f568d58919b14aff72bd3f14e6f55bec6c4e0,Fraud
Polygon,0x47c7070e2fb82c5c87c57cf04bf0c74880743f79,Fraud
Polygon,0x86f9cf0a0cb921811496eaeb0cf15d8e250bdbbe,Fraud
Polygon,0x75113e57034ffdbd696df54ce843761ace5ee109,Fraud
Polygon,0xe7d162ff34bcf5e5efc301fa061cbfb51341a814,Fraud
Polygon,0x8c8d9d0f657993f5a87ec41a4e664c7cf69df9d5,Fraud
Polygon,0x2c6900b24221de2b4a45c8c89482fff96ffb7e55,Fraud
Polygon,0x74487eed1e67f4787e8c0570e8d5d168a05254d4,Fraud
Polygon,0x0acc0e5faa09cb1976237c3a9af3d3d4b2f35fa5,Fraud
Polygon,0x967bb571f0fc9ee79c892abf9f99233aa1737e31,Fraud
Polygon,0x6551fb9be444987f7482012cbf7ea95a1ee8dd0e,Fraud
Polygon,0xafad9352eb6bcd085dd68268d353d0ed2571af89,Fraud
Polygon,0xadb3a003e59bccedaf3686d5563c6546ff53ad5a,Fraud
Polygon,0x59abf3837fa962d6853b4cc0a19513aa031fd32b,Fraud
Polygon,0x57a72ce4fd69ebedefc1a938b690fbf11a7dff80,Fraud
Polygon,0xfd6f294f3c9e117dde30495770ba9b073c33b065,Fraud
Polygon,0xb9943d5ab8b3a70925714233d938dd62e957f92e,Fraud
Polygon,0x44183fd1a79704f79e0986c6380dd9bfbbc7e6d2,Fraud
Polygon,0x9bc22f7e0234029eaf2c570588d829f07123fdd6,Fraud
Polygon,0xf6f001b1d6a0e3ec02914848fb8f34503e7dc769,Fraud
Polygon,0x50275e0b7261559ce1644014d4b78d4aa63be836,Fraud
Polygon,0x8f6a86f3ab015f4d03ddb13abb02710e6d7ab31b,Fraud
Polygon,0xecbe385f78041895c311070f344b55bfaa953258,Fraud
Polygon,0x2772b5dce4d5dd17a0ad2b55a8b3a0cdbd9ed75b,Fraud
Polygon,0x5dc3603c9d42ff184153a8a9094a73d461663214,Fraud
Polygon,0x685b121bbb80e89c232f0ea1755794f14cfc9822,Fraud
Polygon,0x07ba7e8947f8fb4d33f3c7e25c2cb35b858f02eb,Fraud
Polygon,0x6004ba8d5fb50b611344e29c19641e734c5f0759,Fraud
Polygon,0xfe3f568d58919b14aff72bd3f14e6f55bec6c4e0,Fraud
Polygon,0x47c7070e2fb82c5c87c57cf04bf0c74880743f79,Fraud
Polygon,0x86f9cf0a0cb921811496eaeb0cf15d8e250bdbbe,Fraud
